insert into Position (PositionId, PositionName, PositionAccessLevel, Salary)
    values (1, 'Кладовщик', 'internal', 50000),
           (2, 'Грузчик', 'internal', 65000),
           (3, 'Водитель фуры', 'external', 45000),
           (4, 'Водитель микроавтобуса', 'external', 43000),
           (5, 'Охранник прилегающей территории', 'external', 58000),
           (6, 'Охранник склада', 'full', 61000),
           (7, 'Директор склада', 'full', 90000),
           (8, 'Водитель погрузчика', 'internal', 70000),
           (9, 'Глава службы охраны', 'full', 85000);

insert into OutstaffCompany (OutstaffCompanyId,
                             OutstaffCompanyName,
                             OutstaffCompanyAddress,
                             OutstaffCompanyPhone,
                             OutstaffCompanyEmail,
                             OutstaffCompanyCreatedAt,
                             OutstaffCompanyContractStartDate,
                             OutstaffCompanyContractExpirationDate)
    values (1, 'ИП "Рога И Копыта"', 'г. Москва, ул. Льва Толстого, д. 1', '+74955553849', 'rogaandkopyta@mail.ru', '2017-10-19 10:23:54', '2017-10-19', null),
           (2, 'ОАО "Семен Семеныч и Ко"', 'г. Москва, Цветной Бульвар, д. 5', '+74951234567', 'semsem@inbox.ru', '2020-09-01 11:32:15', '2020-09-05', '2025-09-05'),
           (3, 'ООО "Мечты сбываются"', 'г. Санкт-Петербург, Кронверкский пр., д. 50', '+78125557788', 'dreamscometrue@yandex.ru', '2022-05-07 15:30:45', '2022-05-15', null);

insert into Warehouse (WarehouseId,
                       WarehouseType,
                       WarehouseName,
                       WarehouseAddress,
                       WarehouseTimeZone,
                       WarehouseRegionCode)
    values (1, 'FFC', 'Склад "Цветочный Рай"', 'г. Москва, ул. Советская, д. 10', 3, 77),
           (2, 'SC', 'Сортировочный центр "Квиксорт"', 'Ленинградская обл., г. Зеленогорск, Нижнее шоссе, д. 3', 3, 47),
           (3, 'WH', 'Хранилище "Восток"', 'Приморский край, г. Владивосток, ул. Первомайская, д. 5', 10, 25);

insert into WarehouseZone (WarehouseZoneId, WarehouseId, WarehouseZoneType, WarehouseZoneName, WarehouseZoneAccessLevel)
    values (1, 1, 'rest', 'туалет', 'external'),
           (2, 1, 'rest', 'внутренний туалет', 'internal'),
           (3, 1, 'working', 'основное хранилище', 'internal'),
           (4, 1, 'working', 'погрузочная зона', 'external'),
           (5, 1, 'working', 'кабинет директора', 'full'),
           (6, 1, 'rest', 'столовая', 'external'),
           (7, 1, 'working', 'диспетчерская', 'full'),
           (1, 2, 'rest', 'туалет', 'external'),
           (2, 2, 'rest', 'внутренний туалет', 'internal'),
           (3, 2, 'working', 'основное хранилище', 'internal'),
           (4, 2, 'working', 'погрузочная зона', 'external'),
           (5, 2, 'working', 'кабинет директора', 'full'),
           (6, 2, 'rest', 'столовая', 'external'),
           (7, 2, 'working', 'диспетчерская', 'full'),
           (1, 3, 'rest', 'туалет', 'external'),
           (2, 3, 'rest', 'внутренний туалет', 'internal'),
           (3, 3, 'working', 'основное хранилище', 'internal'),
           (4, 3, 'working', 'погрузочная зона', 'external'),
           (5, 3, 'working', 'кабинет директора', 'full'),
           (6, 3, 'rest', 'столовая', 'external'),
           (7, 3, 'working', 'диспетчерская', 'full');

insert into StaffWorker (StaffWorkerId,
                         StaffWorkerName,
                         StaffWorkerGender,
                         StaffWorkerBirthDate,
                         StaffWorkerPassport,
                         StaffWorkerPositionId,
                         StaffWorkerPhoto,
                         StaffWorkerPhone,
                         StaffWorkerCreatedAt,
                         StaffWorkerFiredAt,
                         StaffWorkerWarehouseId,
                         StaffWorkerDeactivationReason)
    values (1, 'Иванов Иван Иванович', 'male', '1990-01-01', '1122345678', 7, 'https://ourstorage.org/1122345678/image.jpeg', '+79637135844', '2022-02-24 05:43:04', null, 1, null),
           (2, 'Петров Петр Петрович', 'male', '1973-04-11', '1234567890', 5, 'https://ourstorage.org/1234567890/image.jpeg', '+79637135845', '2020-02-24 07:05:45', null, 2, null),
           (3, 'Сидоров Сидр Сидорович', 'male', '1956-04-11', '5555777777', 6, 'https://ourstorage.org/5555777777/image.jpeg', '+74568903451', '2019-07-18 20:02:56', '2022-06-26', 2, 'own_request'),
           (4, 'Свиридова Зульфия Рустамовна', 'female', '1969-07-14', '5678343456', 9, 'https://ourstorage.org/5678343456/image.jpeg', '+76783451213', '2015-09-01 21:18:33', null, 3, null),
           (5, 'Храмова Астафья Петрововна', 'female', '1985-10-06', '6789123123', 9, 'https://ourstorage.org/6789123123/image.jpeg', '+72904568234', '2019-11-30 09:39:23', null, 1, null),
           (6, 'Али Эргенч Оглы', 'male', '1971-01-06', '3431567345', 7, 'https://ourstorage.org/3431567345/image.jpeg', '+79041903847', '2010-02-12 17:51:12', null, 2, null),
           (7, 'Омар Мурзов Эль Али', 'male', '1983-07-01', '2324678678', 6, 'https://ourstorage.org/2324678678/image.jpeg', '+74567878902', '2021-08-19 11:46:52', null, 3, null),
           (8, 'Али ад Дин Диснеев', 'male', '1972-12-31', '6758678123', 5, 'https://ourstorage.org/6758678123/image.jpeg', '+74956782323', '2018-06-27 20:20:31', '2018-06-30', 2, 'incident');

insert into OutstaffWorker(OutstaffWorkerId,
                           OutstaffWorkerName,
                           OutstaffWorkerGender,
                           OutstaffWorkerBirthdate,
                           OutstaffWorkerPassport,
                           OutstaffWorkerPositionid,
                           OutstaffWorkerPhoto,
                           OutstaffWorkerPhone,
                           OutstaffWorkerCreatedAt,
                           OutstaffWorkerFiredAt,
                           OutstaffWorkerWarehouseId,
                           OutstaffWorkerDeactivationReason,
                           OutstaffWorkerCompanyId,
                           OutstaffWorkerContractStarts,
                           OutstaffWorkerContractEnds)
    values (1, 'Широков Анатолий Петрович', 'male', '1994-08-01', '2302476069', 1, 'https://ourstorage.org/2302476069/image.jpeg', '+79856314947', '2020-09-12 12:53:43', null, 1, null, 2, '2022-09-12', '2023-09-12'),
           (2, 'Мальцева Виктория Олеговна', 'female', '1993-07-23', '7833507348', 2, 'https://ourstorage.org/7833507348/image.jpeg', '+79885662414', '2016-08-11 15:46:23', null, 2 , null, 3, '2022-08-16', '2023-08-16'),
           (3, 'Герасимов Геннадий Андреевич', 'male', '1969-12-16', '3714290457', 3, 'https://ourstorage.org/3714290457/image.jpeg', '+79732146948', '2022-01-13 13:45:20', null, 3, null, 1, '2022-02-13', '2023-02-13'),
           (4, 'Васильева Екатерина Петровна', 'female', '1992-12-04', '9122008347', 8, 'https://ourstorage.org/9122008347/image.jpeg', '+79435585002', '2018-07-16 14:15:25', '2019-07-16', 1, 'end_of_contract', 3, '2018-07-16', '2019-07-16'),
           (5, 'Петренко Василий Павлович', 'male', '1990-09-02', '7376258190', 4, 'https://ourstorage.org/7376258190/image.jpeg', '+79572712532', '2020-10-13 17:14:57', null, 2, null, 2, '2022-10-13', '2023-10-13'),
           (6, 'Муравьева Алла Викторовна', 'female', '1968-08-20', '4015878447', 8, 'https://ourstorage.org/4015878447/image.jpeg', '+79186935651', '2020-05-06 18:38:49', '2021-05-08', 3, 'fired_by_comp', 2, '2020-05-08', '2021-05-08'),
           (7, 'Макаров Илья Алексеевич', 'male', '1977-04-12', '6378244650', 3, 'https://ourstorage.org/6378244650/image.jpeg', '+79686657026', '2018-12-29 16:24:45', null, 3, null, 1, '2022-11-10', '2023-11-10'),
           (8, 'Семенова Алена Валерьевна', 'female', '1987-09-10', '8572250688', 2, 'https://ourstorage.org/8572250688/image.jpeg', '+79793734625', '2020-02-21 11:34:42', '2022-06-21', 2, 'incident', 3, '2021-07-21', '2022-07-21');

insert into LogEntity(LogEntityId,
                      LogEntityStaffWorkerId,
                      LogEntityOutstaffWorkerId,
                      LogEntityCreatedAt,
                      LogEntityWarehouseId,
                      LogEntityWarehouzeZoneId,
                      LogEntityType)
    values (1, 1, null, '2023-02-24 05:47:57', 1, 1, 'enter'),
           (2, 1, null, '2023-02-24 05:52:57', 1, 1, 'exit'),
           (3, null, 1, '2023-02-24 10:36:16', 1, 1, 'enter'),
           (4, null, 1, '2023-02-24 10:41:16', 1, 1, 'exit'),
           (5, null, 4, '2023-02-24 03:14:43', 1, 1, 'enter'),
           (6, null, 4, '2023-02-24 03:19:43', 1, 1, 'exit'),
           (7, 5, null, '2023-02-24 11:36:02', 1, 1, 'enter'),
           (8, 5, null, '2023-02-24 11:41:02', 1, 1, 'exit'),
           (9, 1, null, '2023-02-24 10:50:22', 1, 2, 'enter'),
           (10, 1, null, '2023-02-24 10:55:22', 1, 2, 'exit'),
           (11, null, 1, '2023-02-24 11:52:15', 1, 2, 'enter'),
           (12, null, 1, '2023-02-24 11:57:15', 1, 2, 'exit'),
           (13, null, 4, '2023-02-24 11:58:07', 1, 2, 'enter'),
           (14, null, 4, '2023-02-24 12:03:07', 1, 2, 'exit'),
           (15, 5, null, '2023-02-24 10:48:20', 1, 2, 'enter'),
           (16, 5, null, '2023-02-24 10:53:20', 1, 2, 'exit'),
           (17, 1, null, '2023-02-24 05:18:54', 1, 3, 'enter'),
           (18, 1, null, '2023-02-24 05:23:54', 1, 3, 'exit'),
           (19, null, 1, '2023-02-24 03:12:06', 1, 3, 'enter'),
           (20, null, 1, '2023-02-24 03:17:06', 1, 3, 'exit'),
           (21, null, 4, '2023-02-24 11:16:09', 1, 3, 'enter'),
           (22, null, 4, '2023-02-24 11:21:09', 1, 3, 'exit'),
           (23, 5, null, '2023-02-24 10:27:22', 1, 3, 'enter'),
           (24, 5, null, '2023-02-24 10:32:22', 1, 3, 'exit'),
           (25, 1, null, '2023-02-24 06:57:38', 1, 4, 'enter'),
           (26, 1, null, '2023-02-24 07:02:38', 1, 4, 'exit'),
           (27, null, 1, '2023-02-24 04:57:26', 1, 4, 'enter'),
           (28, null, 1, '2023-02-24 05:02:26', 1, 4, 'exit'),
           (29, null, 4, '2023-02-24 06:27:45', 1, 4, 'enter'),
           (30, null, 4, '2023-02-24 06:32:45', 1, 4, 'exit'),
           (31, 5, null, '2023-02-24 04:13:46', 1, 4, 'enter'),
           (32, 5, null, '2023-02-24 04:18:46', 1, 4, 'exit'),
           (33, 1, null, '2023-02-24 02:53:31', 1, 5, 'enter'),
           (34, 1, null, '2023-02-24 02:58:31', 1, 5, 'exit'),
           (35, null, 1, '2023-02-24 12:10:00', 1, 5, 'enter'),
           (36, null, 1, '2023-02-24 12:15:00', 1, 5, 'exit'),
           (37, null, 4, '2023-02-24 10:17:59', 1, 5, 'enter'),
           (38, null, 4, '2023-02-24 10:22:59', 1, 5, 'exit'),
           (39, 5, null, '2023-02-24 01:22:49', 1, 5, 'enter'),
           (40, 5, null, '2023-02-24 01:27:49', 1, 5, 'exit'),
           (41, 1, null, '2023-02-24 01:44:44', 1, 6, 'enter'),
           (42, 1, null, '2023-02-24 01:49:44', 1, 6, 'exit'),
           (43, null, 1, '2023-02-24 03:27:32', 1, 6, 'enter'),
           (44, null, 1, '2023-02-24 03:32:32', 1, 6, 'exit'),
           (45, null, 4, '2023-02-24 03:24:22', 1, 6, 'enter'),
           (46, null, 4, '2023-02-24 03:29:22', 1, 6, 'exit'),
           (47, 5, null, '2023-02-24 02:06:35', 1, 6, 'enter'),
           (48, 5, null, '2023-02-24 02:11:35', 1, 6, 'exit'),
           (49, 1, null, '2023-02-24 10:07:45', 1, 7, 'enter'),
           (50, 1, null, '2023-02-24 10:12:45', 1, 7, 'exit'),
           (51, null, 1, '2023-02-24 10:44:33', 1, 7, 'enter'),
           (52, null, 1, '2023-02-24 10:49:33', 1, 7, 'exit'),
           (53, null, 4, '2023-02-24 03:12:22', 1, 7, 'enter'),
           (54, null, 4, '2023-02-24 03:17:22', 1, 7, 'exit'),
           (55, 5, null, '2023-02-24 03:58:17', 1, 7, 'enter'),
           (56, 5, null, '2023-02-24 04:03:17', 1, 7, 'exit'),
           (57, 2, null, '2023-02-24 10:58:52', 2, 1, 'enter'),
           (58, 2, null, '2023-02-24 11:03:52', 2, 1, 'exit'),
           (59, null, 2, '2023-02-24 03:41:16', 2, 1, 'enter'),
           (60, null, 2, '2023-02-24 03:46:16', 2, 1, 'exit'),
           (61, 3, null, '2023-02-24 04:35:46', 2, 1, 'enter'),
           (62, 3, null, '2023-02-24 04:40:46', 2, 1, 'exit'),
           (63, null, 5, '2023-02-24 09:40:28', 2, 1, 'enter'),
           (64, null, 5, '2023-02-24 09:45:28', 2, 1, 'exit'),
           (65, 6, null, '2023-02-24 09:58:52', 2, 1, 'enter'),
           (66, 6, null, '2023-02-24 10:03:52', 2, 1, 'exit'),
           (67, 8, null, '2023-02-24 04:47:04', 2, 1, 'enter'),
           (68, 8, null, '2023-02-24 04:52:04', 2, 1, 'exit'),
           (69, null, 8, '2023-02-24 05:08:24', 2, 1, 'enter'),
           (70, null, 8, '2023-02-24 05:13:24', 2, 1, 'exit'),
           (71, 2, null, '2023-02-24 06:19:53', 2, 2, 'enter'),
           (72, 2, null, '2023-02-24 06:24:53', 2, 2, 'exit'),
           (73, null, 2, '2023-02-24 05:48:45', 2, 2, 'enter'),
           (74, null, 2, '2023-02-24 05:53:45', 2, 2, 'exit'),
           (75, 3, null, '2023-02-24 02:29:17', 2, 2, 'enter'),
           (76, 3, null, '2023-02-24 02:34:17', 2, 2, 'exit'),
           (77, null, 5, '2023-02-24 01:11:51', 2, 2, 'enter'),
           (78, null, 5, '2023-02-24 01:16:51', 2, 2, 'exit'),
           (79, 6, null, '2023-02-24 09:03:45', 2, 2, 'enter'),
           (80, 6, null, '2023-02-24 09:08:45', 2, 2, 'exit'),
           (81, 8, null, '2023-02-24 11:29:12', 2, 2, 'enter'),
           (82, 8, null, '2023-02-24 11:34:12', 2, 2, 'exit'),
           (83, null, 8, '2023-02-24 06:41:26', 2, 2, 'enter'),
           (84, null, 8, '2023-02-24 06:46:26', 2, 2, 'exit'),
           (85, 2, null, '2023-02-24 09:40:47', 2, 3, 'enter'),
           (86, 2, null, '2023-02-24 09:45:47', 2, 3, 'exit'),
           (87, null, 2, '2023-02-24 11:08:31', 2, 3, 'enter'),
           (88, null, 2, '2023-02-24 11:13:31', 2, 3, 'exit'),
           (89, 3, null, '2023-02-24 05:52:24', 2, 3, 'enter'),
           (90, 3, null, '2023-02-24 05:57:24', 2, 3, 'exit'),
           (91, null, 5, '2023-02-24 10:33:51', 2, 3, 'enter'),
           (92, null, 5, '2023-02-24 10:38:51', 2, 3, 'exit'),
           (93, 6, null, '2023-02-24 06:15:53', 2, 3, 'enter'),
           (94, 6, null, '2023-02-24 06:20:53', 2, 3, 'exit'),
           (95, 8, null, '2023-02-24 09:13:46', 2, 3, 'enter'),
           (96, 8, null, '2023-02-24 09:18:46', 2, 3, 'exit'),
           (97, null, 8, '2023-02-24 02:12:32', 2, 3, 'enter'),
           (98, null, 8, '2023-02-24 02:17:32', 2, 3, 'exit'),
           (99, 2, null, '2023-02-24 10:06:40', 2, 4, 'enter'),
           (100, 2, null, '2023-02-24 10:11:40', 2, 4, 'exit'),
           (101, null, 2, '2023-02-24 05:40:00', 2, 4, 'enter'),
           (102, null, 2, '2023-02-24 05:45:00', 2, 4, 'exit'),
           (103, 3, null, '2023-02-24 03:54:53', 2, 4, 'enter'),
           (104, 3, null, '2023-02-24 03:59:53', 2, 4, 'exit'),
           (105, null, 5, '2023-02-24 10:23:03', 2, 4, 'enter'),
           (106, null, 5, '2023-02-24 10:28:03', 2, 4, 'exit'),
           (107, 6, null, '2023-02-24 12:20:39', 2, 4, 'enter'),
           (108, 6, null, '2023-02-24 12:25:39', 2, 4, 'exit'),
           (109, 8, null, '2023-02-24 12:51:19', 2, 4, 'enter'),
           (110, 8, null, '2023-02-24 12:56:19', 2, 4, 'exit'),
           (111, null, 8, '2023-02-24 12:30:35', 2, 4, 'enter'),
           (112, null, 8, '2023-02-24 12:35:35', 2, 4, 'exit'),
           (113, 2, null, '2023-02-24 09:46:11', 2, 5, 'enter'),
           (114, 2, null, '2023-02-24 09:51:11', 2, 5, 'exit'),
           (115, null, 2, '2023-02-24 12:16:18', 2, 5, 'enter'),
           (116, null, 2, '2023-02-24 12:21:18', 2, 5, 'exit'),
           (117, 3, null, '2023-02-24 11:57:29', 2, 5, 'enter'),
           (118, 3, null, '2023-02-24 12:02:29', 2, 5, 'exit'),
           (119, null, 5, '2023-02-24 01:11:34', 2, 5, 'enter'),
           (120, null, 5, '2023-02-24 01:16:34', 2, 5, 'exit'),
           (121, 6, null, '2023-02-24 02:22:16', 2, 5, 'enter'),
           (122, 6, null, '2023-02-24 02:27:16', 2, 5, 'exit'),
           (123, 8, null, '2023-02-24 09:48:00', 2, 5, 'enter'),
           (124, 8, null, '2023-02-24 09:53:00', 2, 5, 'exit'),
           (125, null, 8, '2023-02-24 12:37:28', 2, 5, 'enter'),
           (126, null, 8, '2023-02-24 12:42:28', 2, 5, 'exit'),
           (127, 2, null, '2023-02-24 02:56:20', 2, 6, 'enter'),
           (128, 2, null, '2023-02-24 03:01:20', 2, 6, 'exit'),
           (129, null, 2, '2023-02-24 10:24:01', 2, 6, 'enter'),
           (130, null, 2, '2023-02-24 10:29:01', 2, 6, 'exit'),
           (131, 3, null, '2023-02-24 06:31:28', 2, 6, 'enter'),
           (132, 3, null, '2023-02-24 06:36:28', 2, 6, 'exit'),
           (133, null, 5, '2023-02-24 02:26:08', 2, 6, 'enter'),
           (134, null, 5, '2023-02-24 02:31:08', 2, 6, 'exit'),
           (135, 6, null, '2023-02-24 04:14:18', 2, 6, 'enter'),
           (136, 6, null, '2023-02-24 04:19:18', 2, 6, 'exit'),
           (137, 8, null, '2023-02-24 12:04:09', 2, 6, 'enter'),
           (138, 8, null, '2023-02-24 12:09:09', 2, 6, 'exit'),
           (139, null, 8, '2023-02-24 04:24:04', 2, 6, 'enter'),
           (140, null, 8, '2023-02-24 04:29:04', 2, 6, 'exit'),
           (141, 2, null, '2023-02-24 02:53:50', 2, 7, 'enter'),
           (142, 2, null, '2023-02-24 02:58:50', 2, 7, 'exit'),
           (143, null, 2, '2023-02-24 01:52:55', 2, 7, 'enter'),
           (144, null, 2, '2023-02-24 01:57:55', 2, 7, 'exit'),
           (145, 3, null, '2023-02-24 02:32:46', 2, 7, 'enter'),
           (146, 3, null, '2023-02-24 02:37:46', 2, 7, 'exit'),
           (147, null, 5, '2023-02-24 05:08:22', 2, 7, 'enter'),
           (148, null, 5, '2023-02-24 05:13:22', 2, 7, 'exit'),
           (149, 6, null, '2023-02-24 05:05:34', 2, 7, 'enter'),
           (150, 6, null, '2023-02-24 05:10:34', 2, 7, 'exit'),
           (151, 8, null, '2023-02-24 10:25:13', 2, 7, 'enter'),
           (152, 8, null, '2023-02-24 10:30:13', 2, 7, 'exit'),
           (153, null, 8, '2023-02-24 12:01:19', 2, 7, 'enter'),
           (154, null, 8, '2023-02-24 12:06:19', 2, 7, 'exit'),
           (155, null, 3, '2023-02-24 06:39:19', 3, 1, 'enter'),
           (156, null, 3, '2023-02-24 06:44:19', 3, 1, 'exit'),
           (157, 4, null, '2023-02-24 09:23:52', 3, 1, 'enter'),
           (158, 4, null, '2023-02-24 09:28:52', 3, 1, 'exit'),
           (159, null, 6, '2023-02-24 04:07:39', 3, 1, 'enter'),
           (160, null, 6, '2023-02-24 04:12:39', 3, 1, 'exit'),
           (161, 7, null, '2023-02-24 10:31:04', 3, 1, 'enter'),
           (162, 7, null, '2023-02-24 10:36:04', 3, 1, 'exit'),
           (163, null, 7, '2023-02-24 12:46:56', 3, 1, 'enter'),
           (164, null, 7, '2023-02-24 12:51:56', 3, 1, 'exit'),
           (165, null, 3, '2023-02-24 01:50:11', 3, 2, 'enter'),
           (166, null, 3, '2023-02-24 01:55:11', 3, 2, 'exit'),
           (167, 4, null, '2023-02-24 05:23:35', 3, 2, 'enter'),
           (168, 4, null, '2023-02-24 05:28:35', 3, 2, 'exit'),
           (169, null, 6, '2023-02-24 02:10:48', 3, 2, 'enter'),
           (170, null, 6, '2023-02-24 02:15:48', 3, 2, 'exit'),
           (171, 7, null, '2023-02-24 09:16:49', 3, 2, 'enter'),
           (172, 7, null, '2023-02-24 09:21:49', 3, 2, 'exit'),
           (173, null, 7, '2023-02-24 02:24:52', 3, 2, 'enter'),
           (174, null, 7, '2023-02-24 02:29:52', 3, 2, 'exit'),
           (175, null, 3, '2023-02-24 12:45:49', 3, 3, 'enter'),
           (176, null, 3, '2023-02-24 12:50:49', 3, 3, 'exit'),
           (177, 4, null, '2023-02-24 02:40:33', 3, 3, 'enter'),
           (178, 4, null, '2023-02-24 02:45:33', 3, 3, 'exit'),
           (179, null, 6, '2023-02-24 01:19:14', 3, 3, 'enter'),
           (180, null, 6, '2023-02-24 01:24:14', 3, 3, 'exit'),
           (181, 7, null, '2023-02-24 05:42:06', 3, 3, 'enter'),
           (182, 7, null, '2023-02-24 05:47:06', 3, 3, 'exit'),
           (183, null, 7, '2023-02-24 04:24:40', 3, 3, 'enter'),
           (184, null, 7, '2023-02-24 04:29:40', 3, 3, 'exit'),
           (185, null, 3, '2023-02-24 11:17:57', 3, 4, 'enter'),
           (186, null, 3, '2023-02-24 11:22:57', 3, 4, 'exit'),
           (187, 4, null, '2023-02-24 11:58:43', 3, 4, 'enter'),
           (188, 4, null, '2023-02-24 12:03:43', 3, 4, 'exit'),
           (189, null, 6, '2023-02-24 01:48:09', 3, 4, 'enter'),
           (190, null, 6, '2023-02-24 01:53:09', 3, 4, 'exit'),
           (191, 7, null, '2023-02-24 01:07:42', 3, 4, 'enter'),
           (192, 7, null, '2023-02-24 01:12:42', 3, 4, 'exit'),
           (193, null, 7, '2023-02-24 04:13:00', 3, 4, 'enter'),
           (194, null, 7, '2023-02-24 04:18:00', 3, 4, 'exit'),
           (195, null, 3, '2023-02-24 10:29:57', 3, 5, 'enter'),
           (196, null, 3, '2023-02-24 10:34:57', 3, 5, 'exit'),
           (197, 4, null, '2023-02-24 03:26:56', 3, 5, 'enter'),
           (198, 4, null, '2023-02-24 03:31:56', 3, 5, 'exit'),
           (199, null, 6, '2023-02-24 06:08:57', 3, 5, 'enter'),
           (200, null, 6, '2023-02-24 06:13:57', 3, 5, 'exit'),
           (201, 7, null, '2023-02-24 04:24:43', 3, 5, 'enter'),
           (202, 7, null, '2023-02-24 04:29:43', 3, 5, 'exit'),
           (203, null, 7, '2023-02-24 04:58:44', 3, 5, 'enter'),
           (204, null, 7, '2023-02-24 05:03:44', 3, 5, 'exit'),
           (205, null, 3, '2023-02-24 05:37:26', 3, 6, 'enter'),
           (206, null, 3, '2023-02-24 05:42:26', 3, 6, 'exit'),
           (207, 4, null, '2023-02-24 04:27:21', 3, 6, 'enter'),
           (208, 4, null, '2023-02-24 04:32:21', 3, 6, 'exit'),
           (209, null, 6, '2023-02-24 06:07:37', 3, 6, 'enter'),
           (210, null, 6, '2023-02-24 06:12:37', 3, 6, 'exit'),
           (211, 7, null, '2023-02-24 02:38:25', 3, 6, 'enter'),
           (212, 7, null, '2023-02-24 02:43:25', 3, 6, 'exit'),
           (213, null, 7, '2023-02-24 10:31:12', 3, 6, 'enter'),
           (214, null, 7, '2023-02-24 10:36:12', 3, 6, 'exit'),
           (215, null, 3, '2023-02-24 09:10:28', 3, 7, 'enter'),
           (216, null, 3, '2023-02-24 09:15:28', 3, 7, 'exit'),
           (217, 4, null, '2023-02-24 06:47:59', 3, 7, 'enter'),
           (218, 4, null, '2023-02-24 06:52:59', 3, 7, 'exit'),
           (219, null, 6, '2023-02-24 03:59:30', 3, 7, 'enter'),
           (220, null, 6, '2023-02-24 04:04:30', 3, 7, 'exit'),
           (221, 7, null, '2023-02-24 03:52:23', 3, 7, 'enter'),
           (222, 7, null, '2023-02-24 03:57:23', 3, 7, 'exit'),
           (223, null, 7, '2023-02-24 12:11:35', 3, 7, 'enter'),
           (224, null, 7, '2023-02-24 12:16:35', 3, 7, 'exit');